,Unnamed: 0,Customer Name,State,Product,Units Sold,Unit Price,Total Sale,Sale Date,Sales Channel,Order ID
0,0,Unknown Name,Rivers,Keyboard,48,158687.85,7617016.8,2025-04-27,Online,
1,1,allison hill,Lagos,Headphones,48,267992.94,12863661.12,2024-03-15,Wholesale,4c636e95-025f-4543-8997-623ae0723d96
2,2,noah rhodes,Anambra,Keyboard,48,42364.41,2033491.68,2024-07-22,,edaf3766-1b78-4ede-9a4f-fc0c9165f2ed
3,3,angie henderson,Delta,Keyboard,48,279444.94,13413357.12,2024-07-22,,74503887-48d9-4846-95c5-51fcfba57cc8
4,4,daniel wagner,Delta,Tablet,48,95899.74,4603187.52,2024-07-22,,8639bd41-8b15-4d94-a42d-0cd7fd359f6a
5,5,cristian santos,Oyo,Camera,48,118189.9,5673115.2,2023-08-30,Direct,225aed6c-f045-4043-a3a6-8a707e710b55
6,6,connie lawrence,Rivers,Tablet,36,185141.9,6665108.4,2024-07-22,Wholesale,45d8a6ad-77d0-459e-8114-14f8d9df0d0e
7,7,abigail shaffer,Oyo,Camera,48,118189.9,5673115.2,2023-08-30,Direct,225aed6c-f045-4043-a3a6-8a707e710b55
8,8,gina moore,Imo,Keyboard,48,252859.28,12137245.44,2024-07-22,Online,54a7b69b-1cd6-4b09-8f0e-6d2b315c167a
9,9,gabrielle davis,Kano,Camera,48,178320.53,8559385.44,2024-02-21,Wholesale,a5f60735-757b-4b29-bb2a-a1462999394c
10,10,ryan munoz,Plateau,Tablet,48,152440.84,7317160.32,2024-07-22,Direct,039b058c-2faa-4e0b-b7f6-0cdf41dc1c60
11,11,monica herrera,Niger,Keyboard,48,158687.85,7617016.8,2024-02-28,Direct,4b86b5a1-ca6f-4ff8-964c-fbd2bc92fd81
12,12,jamie arnold,Abuja,Laptop,3,153159.37,459478.11,2024-07-22,Retail,317304b5-c1dd-484a-aca5-8d95915a1c30
13,13,Unknown Name,Lagos,Tablet,43,147209.07,6329990.01,2024-07-22,Wholesale,a383889a-db2c-4ac8-9c67-83932ced3c0d
14,14,lisa hensley,Kano,Camera,48,169095.82,8116599.36,2025-01-13,,6d7df5d0-d3b5-4af7-a7ce-378fe5a4983b
15,15,michele williams,Enugu,Tablet,27,142730.33,3853718.91,2024-07-22,Direct,
16,16,dylan miller,Delta,Charger,48,5482.77,263172.96,2025-06-30,Direct,669d01ff-1634-425b-93f3-007383e96ef4
17,17,brian ramirez,Bauchi,Charger,48,99706.26,4785900.48,2024-07-22,Retail,fb4fb88a-2f4d-4219-986b-2880ab545a15
18,18,holly wood,Katsina,Laptop,28,33326.57,933143.96,2024-11-17,,ef9240b6-52d7-4f10-ba3a-6e9623ff23d3
19,19,derek zuniga,Lagos,Headphones,43,125253.81,5385913.83,2023-11-23,Direct,6231ee73-42c2-42eb-81bf-9e733f800385
20,20,lisa jackson,Imo,Headphones,77,92649.51,7134012.27,2025-03-18,Online,4459bd6e-c0f6-4229-b25d-42593c4b1eec
21,21,carla gray,Enugu,Camera,36,158687.85,5712762.6,2024-04-16,,951c25d5-4d4c-4280-9462-52e7f43ba052
22,22,margaret hawkins,Imo,Monitor,48,269680.75,12944676.0,2024-07-22,Wholesale,42f525b9-02ed-43ce-92a8-1713b90ed44b
23,23,patty perez,Niger,Headphones,33,261693.68,8635891.44,2024-07-22,Retail,3c7e5368-b159-4847-9c0b-9b10a757cb10
24,24,ethan adams,Delta,Camera,48,188963.51,9070248.48,2023-10-13,Online,77242041-1e43-4bd2-aaf4-07f70fe76149
25,25,tommy walter,Ekiti,Laptop,4,179274.43,717097.72,2023-12-14,Online,afa28559-67c9-4204-a8e3-33b64e8adc4b
26,26,Unknown Name,Plateau,Monitor,48,80026.37,3841265.76,2025-03-17,Wholesale,e346f415-e526-4a2b-ac50-ace480a52e65
27,27,matthew foster,Anambra,Monitor,48,196849.5,9448776.0,2023-10-26,Retail,b0b6dedf-4f9c-4027-8514-4d98b41c504f
28,28,judy baker,Lagos,Charger,42,291631.03,12248503.26,2024-07-22,Direct,f0cd7f05-ea87-455e-a382-95d31e0ef546
29,29,justin baker,Kaduna,Keyboard,48,173753.06,8340146.88,2025-03-15,Retail,
30,30,stephanie ross,Niger,Monitor,7,68649.2,480544.4,2024-07-28,Direct,3889936a-9d58-47e8-9e17-5b664b87959f
31,31,zachary hicks,Sokoto,Phone,48,158687.85,7617016.8,2023-07-31,Wholesale,7a6a2107-2231-4050-b515-94943818cfd3
32,32,anthony rodriguez,Anambra,Camera,68,15880.87,1079899.16,2024-04-16,Wholesale,fd247c11-bf6b-4cdf-b479-7b6127372b52
33,33,rebecca henderson,Oyo,Monitor,96,144394.41,13861863.36,2024-09-13,Online,b3b26337-6a74-4bb7-9fa5-e0aa9b11b530
34,34,james ferrell,Enugu,Monitor,48,157507.58,7560363.84,2024-09-27,Online,c1e1b94a-7888-4058-a9ad-0e9b8c9aa1e9
35,35,tricia valencia,Sokoto,Phone,48,216494.26,10391724.48,2024-04-22,Online,d35ac07a-aa02-47d0-8d4f-8b2b899ac252
36,36,nathan maldonado,Rivers,Monitor,48,232494.54,11159737.92,2024-07-22,Wholesale,ae2ae341-3f59-44f2-8309-3b6e37e9d2e2
37,37,debra davidson,Kano,Keyboard,48,114367.01,5489616.48,2025-03-26,Direct,c9912032-df85-4777-9887-4bfec1369c65
38,38,jeffrey chavez,Benue,Phone,65,246587.56,16028191.4,2024-07-22,Wholesale,87365a84-725e-434d-8687-9aa914f573d0
39,39,Unknown Name,Rivers,Charger,79,73037.87,5769991.73,2023-10-19,Wholesale,ead08c89-13fe-4a29-9c9d-eee0b42a0456
40,40,sherri baker,Osun,Tablet,48,171984.8,8255270.4,2024-10-28,Online,d42a895e-0fcf-401f-9cb9-b73a906d5c8c
41,41,cassandra gaines,Osun,Monitor,48,158687.85,7617016.8,2025-05-27,Retail,33c08bf1-8167-499f-a723-ada38c32bdb2
42,42,elizabeth fowler,Katsina,Monitor,48,210306.01,10094688.48,2023-09-15,Online,2a1f1b61-265c-49d9-8962-8f6e929c93b3
43,43,brittany farmer,Anambra,Camera,4,57639.91,230559.64,2023-08-31,Retail,
44,44,paula moreno,Abuja,Keyboard,48,132591.05,6364370.4,2024-07-22,Direct,711c7673-8535-4a69-9abf-984e53ff8461
45,45,fred smith,Ekiti,Camera,48,125924.7,6044385.6,2024-05-15,Direct,b787ef8d-3495-411e-ae27-d4321dc1e7eb
46,46,sherry decker,Imo,Tablet,48,124181.55,5960714.4,2025-01-17,,e61d9cde-1747-4387-bd23-d47995492a82
47,47,anthony humphrey,Rivers,Monitor,48,61565.56,2955146.88,2025-01-19,,0e3e25f2-cf06-41c7-b20b-274b82a7f586
48,48,angelica tucker,Benue,Keyboard,10,150794.94,1507949.4,2024-07-16,,6a5943ce-8364-45e3-a1c7-1aa3741423b5
49,49,philip cannon,Kano,Phone,48,183637.68,8814608.64,2024-08-22,Direct,8f0d5540-0ec7-4662-905c-7bdd74f0beae
50,50,john pierce,Imo,Monitor,19,141745.84,2693170.96,2024-05-25,Online,4ee4334e-ce92-4136-ac3a-812f765e6cb5
51,51,shane henderson,Borno,Charger,48,158687.85,7617016.8,2025-02-27,Online,41241bb4-655c-4508-8592-bfa5b928e23f
52,52,Unknown Name,Katsina,Monitor,48,254588.91,12220267.68,2024-05-24,Online,37c86152-beed-4af9-80c5-9f30d1031424
53,53,joshua blair,Osun,Headphones,48,218356.93,10481132.64,2024-07-22,Wholesale,6c776e95-0b98-4ccd-92b2-102d940c3503
54,54,eric carney,Plateau,Keyboard,48,211879.68,10170224.64,2024-09-29,,8a89b0f0-1052-41d3-b34c-6c7358330b30
55,55,jessica holmes,Enugu,Headphones,48,155845.62,7480589.76,2024-07-22,Online,e4eb8000-ef40-4162-8f6c-e9bffe7ee362
56,56,danny morgan,Kano,Phone,48,168485.59,8087308.32,2023-10-16,,78d9a88a-ef0b-4a4f-bc73-7d9211ab3d11
57,57,crystal robinson,Abuja,Monitor,48,299437.8,14373014.4,2024-03-13,,
58,58,mark perez,Delta,Phone,48,143772.11,6901061.28,2024-11-20,Wholesale,2e13418d-68ab-40ea-897e-c6d1081fc6dc
59,59,shannon jones,Borno,Laptop,48,113359.02,5441232.96,2024-07-22,Direct,a43afb7a-c40d-4874-a2ab-7752c4db5a62
60,60,michael lewis,Kano,Monitor,48,287027.3,13777310.4,2024-06-24,Online,f6ba745b-a558-41e3-bab2-b77dfa740cc8
61,61,timothy duncan,Delta,Headphones,48,158687.85,7617016.8,2024-07-22,Wholesale,e42e707a-fe2b-4987-9fdc-abbf6b9cd71c
62,62,richard aguirre,Rivers,Keyboard,93,138169.23,12849738.39,2024-12-20,Direct,eac80da1-de9f-4f5b-b2d3-545861ea2f30
63,63,brent jordan,Benue,Headphones,48,160171.56,7688234.88,2024-08-15,Direct,148b4376-602a-4e57-a0a3-99d4e821e716
64,64,john daniel,Anambra,Phone,48,164108.83,7877223.84,2024-07-22,Online,dfe2c0a0-a96b-4c42-b6d2-2a7baec76a82
65,65,Unknown Name,Ekiti,Tablet,48,202922.64,9740286.72,2023-10-18,,dc3bbdd8-a74e-42a9-a20b-9ea98a0f9508
66,66,victoria garcia,Osun,Monitor,48,260362.49,12497399.52,2025-05-22,Retail,fe2b34d8-2db0-428d-9e5e-be5459077299
67,67,gerald hensley,Kaduna,Charger,94,204383.39,19212038.66,2025-04-14,,2099d180-8762-4997-a49f-7d888989c5ab
68,68,connor west,Osun,Camera,48,241193.93,11577308.64,2024-07-22,,d5b6de85-3902-49d9-ba8d-ae42ba54e920
69,69,donald wright,Osun,Keyboard,48,79676.47,3824470.56,2024-07-22,Retail,fa7e5d94-05d1-4b63-8194-f97f00e3a026
70,70,jessica callahan,Enugu,Charger,48,145511.94,6984573.12,2024-11-18,Direct,b8168aeb-ac6a-4c85-b687-6c624c61845e
71,71,amber kidd,Anambra,Charger,48,158687.85,7617016.8,2024-07-22,Retail,
72,72,tracy house,Kano,Monitor,61,287222.55,17520575.55,2023-11-29,Retail,6118433b-882c-4d1e-ac93-a7918b60c511
73,73,carol tucker,Katsina,Tablet,12,84062.42,1008749.04,2025-02-26,Wholesale,75eb89c2-3f5c-42f3-bacb-43a3d2c7bffb
74,74,james brown,Kaduna,Monitor,48,89900.5,4315224.0,2023-10-19,Wholesale,3040413c-4690-4b15-a7b6-08dc589decb0
75,75,william baker,Imo,Tablet,48,282474.92,13558796.16,2024-07-22,Wholesale,c3f725fe-b99b-4b5a-a00d-a49deffa2002
76,76,jordan henderson,Delta,Laptop,48,294686.96,14144974.08,2024-07-22,Direct,a902b73f-cf39-4648-883f-64c31ce362f8
77,77,whitney peters,Kaduna,Keyboard,48,231466.69,11110401.12,2025-06-17,Retail,efad49e9-c41c-447e-9d6b-9b626b535a19
78,78,Unknown Name,Ekiti,Phone,48,211617.83,10157655.84,2025-05-15,Online,3d9c4e64-0401-4ced-a398-36bbe23ddfaa
79,79,brittney phillips,Benue,Phone,48,207226.85,9946888.8,2023-08-23,Retail,980cb95c-19d4-4deb-9139-fa1234c1c3ea
80,80,lauren daniels,Anambra,Charger,48,146956.42,7053908.16,2025-04-16,Direct,ac09bdb7-9908-4e47-b249-f62c08987462
81,81,amy silva,Imo,Camera,48,158687.85,7617016.8,2023-10-15,Wholesale,3ea6e5b2-0c76-4d28-9f49-5037b40a9181
82,82,sarah moore,Delta,Laptop,48,144201.13,6921654.24,2024-08-16,Direct,705fddf5-66fa-4ca0-8b53-1932bd9419aa
83,83,angela lopez,Sokoto,Phone,48,168366.03,8081569.44,2024-07-22,Wholesale,c11f6bf5-379e-4467-8a2d-b2e63bfda8a6
84,84,megan young,Abuja,Phone,93,280378.37,7617016.8,2024-07-22,Direct,23dfecd7-0e73-4dd7-86ac-1b04dd1d6cd1
85,85,steve sanchez,Delta,Camera,48,216638.48,10398647.04,2023-11-15,Online,
86,86,lisa barnes,Abuja,Camera,48,86692.92,4161260.16,2023-11-13,Wholesale,3bf2025f-4a0d-4b73-be54-ee4b80ff5173
87,87,kelly donovan,Sokoto,Phone,48,172256.3,8268302.4,2024-03-17,Wholesale,937bf79b-bb44-4adc-aa98-fef8d0d75e37
88,88,mike allen,Benue,Headphones,65,163185.67,10607068.55,2024-07-22,Retail,c5c51060-9911-41e7-93d5-63ae51a3ac26
89,89,michael evans,Anambra,Camera,48,268780.26,12901452.48,2024-07-22,Direct,3ca5be29-5217-4bf3-9181-83d1ac2b0cfc
90,90,paul jones,Kano,Headphones,62,118662.47,7357073.14,2024-07-22,,fc568b53-24ac-4722-a052-77394d406f1b
91,91,Unknown Name,Enugu,Keyboard,48,158687.85,7617016.8,2024-07-22,,69df14e9-3896-41dd-8570-b59fa903ae67
92,92,zachary ferrell,Plateau,Laptop,48,103867.84,4985656.32,2024-07-22,Retail,8e85140d-0f9a-4b70-8670-7cd64ceda164
93,93,daniel baker,Sokoto,Camera,48,232032.77,11137572.96,2024-08-17,Direct,bc36dc59-e134-4dfc-9777-7f10f2d2393f
94,94,shirley suarez,Enugu,Keyboard,74,44369.6,3283350.4,2024-07-22,Online,adc29178-a041-4612-acd5-8759e95d2761
95,95,christopher bass,Cross River,Tablet,48,13098.91,628747.68,2024-02-16,Retail,0c00988a-7ee1-411a-8e4c-3ab56d5d0477
96,96,lisa archer,Benue,Charger,48,286616.46,13757590.08,2025-04-28,Wholesale,a4b05c89-f10b-4e9c-982b-91eef8e8035b
97,97,aimee montoya,Ekiti,Headphones,48,24169.32,1160127.36,2024-07-22,Online,86433603-c92a-4d7c-a193-5990abdd1a8f
98,98,matthew mcmillan,Oyo,Laptop,48,277240.88,13307562.24,2024-01-21,Direct,6883ac6e-6a94-4054-b241-4482519894d8
99,99,brian rodriguez,Anambra,Headphones,48,196963.63,9454254.24,2024-07-22,Wholesale,
100,100,denise jacobs,Oyo,Tablet,48,224327.88,10767738.24,2024-11-15,,2f12b150-605f-41eb-8cc5-7e0d26332018
101,101,Unknown Name,Plateau,Tablet,48,158687.85,7617016.8,2024-07-22,039b058c-2faa-4e0b-b7f6-0cdf41dc1c60,
102,102,Unknown Name,Niger,Keyboard,48,158687.85,7617016.8,2024-07-22,4b86b5a1-ca6f-4ff8-964c-fbd2bc92fd81,
103,103,Unknown Name,Abuja,Laptop,48,158687.85,7617016.8,2024-07-22,317304b5-c1dd-484a-aca5-8d95915a1c30,
104,104,Unknown Name,Lagos,Tablet,48,158687.85,7617016.8,2024-07-22,a383889a-db2c-4ac8-9c67-83932ced3c0d,
105,105,Unknown Name,Kano,Camera,48,158687.85,7617016.8,2024-07-22,6d7df5d0-d3b5-4af7-a7ce-378fe5a4983b,
106,106,Unknown Name,Enugu,Tablet,48,158687.85,7617016.8,2024-07-22,,
107,107,Unknown Name,Delta,Charger,48,158687.85,7617016.8,2024-07-22,669d01ff-1634-425b-93f3-007383e96ef4,
108,108,christina walters,Delta,Laptop,35,158687.85,5554074.75,2024-07-22,Direct,3db0174e-7938-478a-89b5-aab0c12169db
109,109,john whitehead,Imo,Phone,48,64589.05,3100274.4,2024-07-22,Wholesale,db87d29c-4cfd-4fc1-b9b0-2e2ad96e684f
110,110,anna henderson,Imo,Tablet,48,248471.54,11926633.92,2023-10-16,Direct,7688d11f-ce47-48be-a4f4-3c62b523c0de
111,111,Unknown Name,Anambra,Monitor,48,81704.25,3921804.0,2024-07-22,Wholesale,69a53b4f-8ff8-469d-8ec0-713dea2c7a51
112,112,aaron wise,Plateau,Monitor,1,168824.4,168824.4,2024-07-22,Direct,87ad8b26-8eaa-4841-aaa0-426df7c0d5f7
113,113,deborah figueroa,Niger,Camera,48,81850.63,3928830.24,2024-10-30,,41476506-3e2b-49c9-a36f-6e5c2253e706
114,114,jessica smith,Plateau,Laptop,48,33213.36,1594241.28,2024-08-28,Retail,143df5b3-a58e-43dd-948c-1d84340de049
115,115,stephen mckee,Benue,Camera,9,222396.85,2001571.65,2023-09-21,Wholesale,5efeef4f-d8dd-4bc0-b325-3aa3ec170298
116,116,sandra aguilar,Osun,Laptop,48,72164.98,3463919.04,2024-07-22,Wholesale,d453f867-b97e-4224-891f-691217abb863
117,117,cameron parker,Delta,Tablet,4,15704.25,62817.0,2024-11-19,,608e149e-44b9-4602-8d31-812e30c36756
118,118,rebecca valencia,Oyo,Laptop,48,158687.85,7617016.8,2023-11-18,Retail,0a1fc9df-9a59-4974-9adf-4709ac75c344
119,119,christine wright,Bauchi,Phone,48,271602.67,13036928.16,2024-07-22,Direct,cdfd9531-302b-4831-92a1-fe7ddfa59722
120,120,richard henson,Cross River,Charger,48,68088.66,3268255.68,2024-07-22,Wholesale,
121,121,marc moore,Kano,Monitor,44,70234.55,3090320.2,2024-07-22,Retail,abe42e7d-b96c-4163-966b-e275c2fe8954
122,122,sharon cherry,Abuja,Charger,48,30509.29,1464445.92,2023-11-20,Direct,3579c143-7ab9-4428-b78e-65108f10d33e
123,123,sierra johnson,Rivers,Laptop,48,99422.94,4772301.12,2024-07-22,Wholesale,4d9dbaeb-553d-4625-a833-4da5de95d695
124,124,Unknown Name,Oyo,Charger,48,141984.97,6815278.56,2024-07-22,Wholesale,363908bf-03ec-48ff-a8b3-d763f4ff3f3a
125,125,evelyn galvan,Kaduna,Phone,77,204517.0,15747809.0,2025-01-20,Direct,bdd151b0-f64a-46ec-b0a5-648eefe9b3d0
126,126,sharon cochran,Niger,Monitor,7,41671.38,291699.66,2024-07-22,,c11bd1c4-ffe3-4366-bf33-7a151e086f20
127,127,richard rodriguez,Katsina,Keyboard,48,289373.37,13889921.76,2024-10-23,Retail,b2149062-3e1a-463e-aa18-d32c7a9a8ef5
128,128,shannon walker,Kano,Laptop,48,158687.85,7617016.8,2024-03-29,Wholesale,6589ada1-345a-4934-b42a-2d939aba0f15
129,129,julia torres,Benue,Monitor,48,293384.26,14082444.48,2025-04-25,Direct,52555c75-8d55-419e-bd44-cb2cea45ba41
130,130,crystal johnson,Benue,Charger,48,47803.35,2294560.8,2025-06-27,Wholesale,775c30b5-6173-4c48-8876-9153c68813fe
131,131,garrett lin,Katsina,Keyboard,48,196041.39,9409986.72,2024-09-20,Direct,4ef4c34d-5bf8-4f3c-a612-9a1c889d4b76
132,132,diana may,Ekiti,Headphones,48,264253.91,12684187.68,2024-07-22,Wholesale,e1fff6c0-8347-41da-9c11-ab6d42f5b3f5
133,133,william herrera,Bauchi,Monitor,48,142972.04,6862657.92,2024-07-22,Online,cd8563ca-193e-438d-b74c-0afa7f4d908c
134,134,ashley waller,Anambra,Headphones,48,195336.34,9376144.32,2024-07-22,,
135,135,victor baker,Imo,Tablet,48,226895.36,10890977.28,2024-07-22,Retail,c2fa1da8-7830-4631-b8f0-188efb37afae
136,136,jeffrey chandler,Lagos,Keyboard,56,86529.89,4845673.84,2024-07-22,,340029c3-ea11-405b-91fa-cefad6f89f7a
137,137,Unknown Name,Rivers,Keyboard,48,85981.89,4127130.72,2023-08-15,,0bb401e7-69f7-43f1-901b-a8515ee68495
138,138,larry dixon,Imo,Monitor,48,158687.85,7617016.8,2024-11-20,Retail,bdc2b74b-38a5-4b49-9d34-aa1890019ed4
139,139,kenneth scott,Anambra,Tablet,48,18219.19,874521.12,2025-02-28,,8da5d39b-42c2-4797-8426-fcc9255b30e2
140,140,april frost,Sokoto,Charger,48,230733.14,11075190.72,2024-09-30,Online,b852b3cd-9442-45e6-9583-1d58ef4c5119
141,141,michelle harmon,Rivers,Camera,6,195863.47,1175180.82,2024-07-22,Direct,32399ffb-2704-4f25-8b91-b8cb6ae66582
142,142,helen jones,Borno,Laptop,48,70049.95,3362397.6,2024-11-27,Retail,91ddb9bf-613d-4de9-bae2-802354720d2d
143,143,erin edwards,Niger,Tablet,8,221736.61,1773892.88,2023-12-21,Direct,8cf6e8b8-7fd2-48c3-bee8-2983d5574241
144,144,michelle evans,Kaduna,Keyboard,48,255174.76,12248388.48,2025-02-25,Wholesale,566a9ce7-af52-4b94-b186-e47aa7946320
145,145,jason powell,Ekiti,Camera,28,11670.82,326782.96,2024-09-27,Online,7d1645a0-d253-4966-836b-9a0a41e02a89
146,146,cameron fisher,Lagos,Keyboard,48,276480.53,13271065.44,2024-05-29,Direct,bd5609c4-a446-4663-b93b-17fbf76d15fd
147,147,megan orr,Anambra,Monitor,48,125656.55,6031514.4,2024-07-22,Direct,bb96f602-2b11-4c36-b5f8-e3a87d97ac0f
148,148,elizabeth kelley,Bauchi,Charger,16,158687.85,2539005.6,2024-11-18,Retail,
149,149,dustin jordan,Kaduna,Phone,48,251362.66,12065407.68,2024-07-22,Wholesale,23d4526b-2b54-4f7a-9a28-37b2cb8383f2
150,150,Unknown Name,Bauchi,Keyboard,56,280209.82,15691749.92,2024-07-31,Retail,2f1dc121-7d02-4c6d-8bea-75c1b86677aa
151,151,mary marshall,Rivers,Charger,48,11383.78,546421.44,2025-05-31,Wholesale,fd85d7fa-8ac9-4b01-a3ad-64d4eab9eb02
152,152,daniel kennedy,Borno,Headphones,48,250942.86,12045257.28,2024-07-22,Retail,862138ad-0f09-405c-b50d-7a37a44d9fec
153,153,rebecca jackson,Bauchi,Keyboard,48,236494.21,11351722.08,2024-07-22,Direct,13075157-d8c1-48e7-96cd-315508a8ac7f
154,154,jose schultz,Katsina,Camera,48,56300.33,2702415.84,2024-02-20,Direct,0c6b7074-ab10-4c9b-9168-2e09f1f7d904
155,155,robert potter,Enugu,Charger,46,224826.46,10342017.16,2024-11-20,Online,2332a50e-6992-496e-81a2-5ed1c3abb5f1
156,156,courtney gonzalez,Oyo,Tablet,48,261751.06,12564050.88,2024-07-22,Direct,116658ce-3b3f-4800-a175-a9c3d7b102a9
157,157,david alvarez,Osun,Charger,48,87195.36,4185377.28,2024-07-20,,37fe032c-0257-4851-a6a9-e100b509109b
158,158,angel perry,Kaduna,Tablet,48,158687.85,7617016.8,2024-01-17,Direct,0f79a8a7-5f8a-44bd-b4bd-0c938177b661
159,159,cheyenne horton,Imo,Tablet,48,11721.12,562613.76,2025-03-27,,ef145064-aab0-4015-a342-2e509e2a7324
160,160,david douglas,Bauchi,Phone,48,89868.47,4313686.56,2025-03-29,Direct,a8c6dbc0-7bb3-447b-a9aa-144b9dd43675
161,161,patricia rodriguez,Lagos,Camera,48,181033.5,8689608.0,2024-12-24,,883f13c6-01b1-48e9-8406-ff447ce40679
162,162,christopher rubio,Katsina,Laptop,48,278572.23,13371467.04,2024-05-21,,
163,163,Unknown Name,Sokoto,Camera,48,100845.11,4840565.28,2024-02-27,Direct,04482a22-0308-4a5e-a94d-7b008d388327
164,164,amber wright,Cross River,Monitor,48,136577.55,6555722.4,2024-06-27,,892621df-4655-48b7-b8e1-9f568787ea21
165,165,joyce solis,Lagos,Keyboard,48,192573.07,9243507.36,2024-07-22,Online,80913ac1-0463-450e-8964-6b96fa3c1628
166,166,victoria larson,Rivers,Camera,48,157533.4,7561603.2,2024-12-26,Wholesale,6e3a0ba8-ac8d-4c7d-b2a6-e468d02b1243
167,167,stephanie salazar,Osun,Keyboard,48,266833.36,12808001.28,2023-08-26,,2de46e91-e8e6-4840-b090-f5a0ce610199
168,168,kathy rivas,Borno,Keyboard,47,158687.85,7458328.95,2024-07-22,,863e1f2a-18a8-46ef-ab05-3fc41b656dab
169,169,stephanie manning,Delta,Keyboard,56,40692.88,2278801.28,2024-06-16,Online,9ea9f508-3122-4592-bdb0-2235261e2555
170,170,david wright,Abuja,Phone,48,151511.7,7272561.6,2024-05-28,Online,5abca6e5-d0b1-43eb-809e-7a8086c5d1d6
171,171,pamela boyd,Delta,Laptop,48,82214.71,3946306.08,2024-07-21,Retail,143a9aff-659b-4105-8b80-f288446f64dd
172,172,denise jones,Plateau,Tablet,68,242739.76,16506303.68,2024-07-22,Wholesale,7580e050-67f1-498c-b594-8a545f804eeb
173,173,devon flores,Kano,Camera,48,99539.89,4777914.72,2023-12-16,Retail,b27e1442-fd7f-4973-be42-df5b90a3fbbf
174,174,brenda hall,Kano,Monitor,48,219470.21,10534570.08,2024-03-31,,d3fbe043-af1d-4a1a-8ccb-235539d1c7ff
175,175,michelle brown,Cross River,Camera,48,194661.46,9343750.08,2024-10-24,Online,fdde64af-a75b-495a-94a3-4f7fd90dd19b
176,176,Unknown Name,Kano,Tablet,100,215720.15,7617016.8,2023-10-30,,
177,177,joshua perry,Imo,Charger,48,4718.22,226474.56,2024-07-22,Direct,081c79d4-c274-47eb-a65f-7b8adbb44021
178,178,jason stein,Oyo,Keyboard,82,158687.85,13012403.7,2024-07-22,Wholesale,608e2f5c-6117-4270-a7c0-518b17efa621
179,179,melissa gates,Oyo,Charger,48,101465.1,4870324.8,2025-01-18,Direct,a301ec03-0e5d-4c6a-b9db-78628d7dd772
180,180,jamie smith,Cross River,Monitor,48,88859.77,4265268.96,2024-03-15,Online,152aeaec-2bdf-4b41-b3ed-a8f1026b5383
181,181,paul castaneda,Imo,Charger,48,202483.14,9719190.72,2025-01-31,Online,a518a418-6f14-43f6-9867-888b7ff6b824
182,182,jennifer adkins,Kaduna,Charger,83,58351.81,4843200.23,2024-07-22,Online,fa323f69-90db-4ad6-94ce-26bec8cce2c2
183,183,lindsey walker,Anambra,Keyboard,31,183480.87,5687906.97,2024-07-22,Wholesale,e5110961-1869-4217-b94d-8fcbdba3496f
184,184,jeffrey johnson,Bauchi,Tablet,48,191798.38,9206322.24,2024-05-15,Retail,3ad1fa33-0ae4-4c11-ab4d-8f42873570a2
185,185,michael powell,Katsina,Tablet,26,121944.37,3170553.62,2023-10-20,,b139c476-de3c-488b-a6b9-d31a361f6d90
186,186,john anderson,Niger,Tablet,78,128597.12,10030575.36,2025-02-20,,45667c48-79ba-430a-9118-c400e336c243
187,187,alyssa long,Enugu,Camera,48,98714.03,4738273.44,2024-04-23,,af36b8cc-1308-4974-ac95-b3ac0beb7c34
188,188,alyssa day,Imo,Laptop,10,158687.85,1586878.5,2024-08-13,,8b040f53-e639-49d4-87c6-8688ecf32053
189,189,Unknown Name,Enugu,Camera,48,120549.56,5786378.88,2024-09-19,,2dea2d2d-086c-405f-a879-d8f890422eb7
190,190,joel williams,Borno,Charger,48,29067.84,1395256.32,2024-07-22,Retail,
191,191,daniel murphy,Benue,Laptop,48,294514.72,14136706.56,2024-03-14,Direct,04022b3c-5082-41a5-99b5-9f84edc3a1c3
192,192,jamie walton,Osun,Headphones,48,143497.5,6887880.0,2024-01-14,Wholesale,24e9bcfd-9647-4f9f-b508-507af622d842
193,193,darlene miller,Ekiti,Camera,48,280779.7,13477425.6,2024-07-22,Direct,d226a8b3-b674-410d-9218-c9d6c093bfb0
194,194,joshua cooke,Bauchi,Camera,48,2545.62,122189.76,2023-10-14,Direct,4c9d6907-13b2-4cec-adca-bf9465f6ba53
195,195,matthew harrington,Ekiti,Keyboard,48,115380.53,5538265.44,2024-07-22,,9112fbc0-3d8f-45f4-905f-9096299656e2
196,196,nicole herring,Rivers,Tablet,48,134297.29,6446269.92,2024-06-24,,ad5229dd-639f-4471-9975-0f00d5aba8ae
197,197,alex hernandez,Delta,Tablet,41,80464.8,3299056.8,2024-01-19,Retail,6243bed7-54ec-4f33-8a62-4cbde582b678
198,198,michael elliott,Delta,Laptop,57,158687.85,9045207.45,2023-10-28,Wholesale,ca5e151b-23d3-4d4c-bd5f-f093c16f9bcc
199,199,michael wang,Kano,Camera,48,99222.78,4762693.44,2023-09-24,Online,1413d64d-b962-48a7-b076-a7dcfd0ce433
200,200,lawrence adkins,Sokoto,Tablet,48,174947.0,8397456.0,2023-08-19,Direct,588a3f87-f96d-40f8-bed6-3da08033f5c2
201,201,robert oconnell,Lagos,Camera,48,172076.77,8259684.96,2024-02-21,Online,3b6dca0d-6fe5-440b-9901-ef870dbf0caf
202,202,Unknown Name,Plateau,Charger,48,78835.17,3784088.16,2024-07-22,Wholesale,9aec56a8-5731-4609-9375-ee90d6b361e4
203,203,alexander collins,Imo,Headphones,65,108185.85,7032080.25,2024-07-22,Direct,9879cf35-f471-4986-9d26-4599c4dd8df5
204,204,tina sanders,Delta,Tablet,48,71272.62,3421085.76,2024-10-30,Online,
205,205,angela vaughn,Plateau,Phone,58,200501.94,11629112.52,2024-05-30,Online,538d6b8c-c607-41e9-b80b-2cea658e54a2
206,206,ashley barton,Delta,Headphones,48,139885.8,6714518.4,2024-01-19,Retail,c8969c5b-45f8-428d-a255-e1bb07958c1f
207,207,lindsay martinez,Lagos,Tablet,37,48335.19,1788402.03,2025-05-13,Wholesale,3a67470c-7d98-402f-b357-41e5fe1a1ba9
208,208,hannah patterson,Kano,Phone,83,158687.85,13171091.55,2024-07-22,Wholesale,601bfbcb-f0ee-4cce-8d93-e14a5b167158
209,209,jonathan peterson,Abuja,Phone,48,205979.05,9886994.4,2024-07-22,Wholesale,95fbe976-ae00-4b7e-af8c-83e56e8d9644
210,210,samantha garcia,Delta,Tablet,48,276970.25,13294572.0,2024-07-22,Direct,c5acc354-15f0-4cb4-a14c-721da921cb4c
211,211,madison poole,Kano,Headphones,48,266396.52,12787032.96,2024-03-21,Retail,3f175534-cc4d-4819-8b9d-fd589e5d9c7a
212,212,jessica gross,Abuja,Keyboard,48,231067.39,11091234.72,2024-07-22,,4499d0a6-1500-4170-92d1-5585b68e47fa
213,213,debra morton,Sokoto,Laptop,48,207241.97,9947614.56,2024-07-22,Direct,c8ad0899-b630-494d-a147-adeb277b0667
214,214,karen graham,Kano,Phone,48,191794.04,9206113.92,2025-01-21,Wholesale,63be441d-bd5a-4c9e-a77e-b0aaa247541d
215,215,Unknown Name,Bauchi,Tablet,48,282220.37,13546577.76,2024-07-22,Direct,176de21f-1b46-4bdc-9c56-d9bc5111d31d
216,216,debra christian,Delta,Keyboard,48,110579.4,5307811.2,2024-07-22,Online,71da35b9-4eea-4db8-b165-d77901547950
217,217,angelica keith,Anambra,Keyboard,65,66644.35,4331882.75,2025-02-22,Direct,1a2bd69c-450f-49ee-82e7-9a985c238d8d
218,218,john bishop,Cross River,Keyboard,48,158687.85,7617016.8,2024-07-22,Direct,
219,219,allen rosales,Enugu,Charger,48,287229.48,13787015.04,2024-07-22,Wholesale,6e54ac6d-2ff8-487e-9659-1c8921ebfaa9
220,220,daniel salinas,Imo,Headphones,92,143715.48,13221824.16,2024-08-13,Online,832f52c4-8e03-40cf-8e96-922772e76b51
221,221,spencer haynes,Oyo,Phone,48,136766.11,6564773.28,2024-07-22,Wholesale,16f142a2-06b9-49aa-9a71-67c768759545
222,222,adam vaughan,Plateau,Tablet,23,296656.97,6823110.31,2024-07-22,Online,98d00c2c-17d3-4f32-8de1-596c5a9a206a
223,223,nathan freeman,Plateau,Keyboard,48,112400.64,5395230.72,2025-05-23,Online,dd1ca267-530d-4da6-88d0-f9e5991965ea
224,224,melissa brewer,Cross River,Laptop,48,210731.25,10115100.0,2024-07-22,Online,69ef74e3-4ab6-421c-8328-c136629ef3d8
225,225,ricky davis,Delta,Laptop,48,273882.67,13146368.16,2024-07-31,Wholesale,b98f5dbe-15ae-4e0f-8777-a07f6346d4ef
226,226,elizabeth perkins,Cross River,Monitor,79,227326.48,17958791.92,2023-07-29,Online,fe2390f3-e7bb-4efc-8f3d-c97fe6b0da0a
227,227,joseph coleman,Niger,Keyboard,48,240697.5,11553480.0,2023-09-18,Retail,85671b58-926b-4fa5-be24-5fbffa698cd2
228,228,Unknown Name,Enugu,Laptop,48,158687.85,7617016.8,2024-07-22,Retail,2b64777c-6177-4771-af70-de702b69c95e
229,229,erin warner,Rivers,Phone,48,247768.25,11892876.0,2024-07-22,,44b64ec1-4d16-4049-84d7-df9a238b05b7
230,230,david martinez,Rivers,Headphones,48,228676.96,10976494.08,2024-06-30,Retail,2ace1aa9-1032-46b3-a55b-fc1c7e3d5ee4
231,231,bryan herrera,Niger,Headphones,48,204262.41,9804595.68,2024-01-13,,4cbc9044-6bcd-4ce7-86a5-6fe86f46f1b1
232,232,cathy robinson,Osun,Tablet,48,178946.43,8589428.64,2023-12-25,Retail,
233,233,william warren,Niger,Laptop,48,236317.52,11343240.96,2024-07-22,Wholesale,5c72aebd-13b1-4e59-885c-d7147bf69552
234,234,brian lee,Niger,Camera,48,157889.24,7578683.52,2024-07-22,,b88cddde-3f20-46c2-b1b8-8d65406f64d6
235,235,christopher smith,Ekiti,Laptop,48,158687.85,7617016.8,2023-08-17,Direct,9dde0188-9803-422e-beec-e88da002352a
236,236,denise mccann,Abuja,Monitor,48,108854.57,5225019.36,2023-08-19,Direct,22af711f-1b62-4a9d-b536-6b9f320f72c0
237,237,melissa martinez,Rivers,Camera,48,275214.79,13210309.92,2024-02-14,Retail,654c11d9-f2e6-4828-81bb-819c4dfe1117
238,238,katherine salas,Abuja,Monitor,78,158687.85,12377652.3,2024-07-29,Direct,614077d3-9ec4-4a48-9773-f98d550c2fe9
239,239,julie alexander,Benue,Keyboard,43,34106.53,1466580.79,2024-10-17,Retail,70b27304-545c-488d-9cb9-075ecdd7f460
240,240,anthony everett,Sokoto,Keyboard,48,248717.83,11938455.84,2025-05-26,Retail,d2d33488-d0c3-4018-ae3c-dd4f55b145e4
241,241,Unknown Name,Rivers,Tablet,48,270915.0,13003920.0,2025-04-25,Direct,982a2277-f966-459f-a6aa-59e5dc08bf29
242,242,rodney morales,Delta,Monitor,48,61045.96,2930206.08,2024-11-30,Direct,9a6c0db9-5217-4c88-8ce9-53a722d90db3
243,243,mark brown,Enugu,Tablet,48,161229.72,7739026.56,2024-12-14,Online,7aa061e9-336b-40cb-b1fe-ad13f280df1d
244,244,justin torres,Enugu,Phone,51,49778.88,2538722.88,2024-07-22,,65f30779-f6ee-4cdb-ad79-a2d1506e50c7
245,245,bailey duran,Imo,Laptop,48,256418.56,12308090.88,2024-02-17,Retail,bc20b9f2-4a9c-489e-91b3-0182f7fe604f
246,246,courtney mills,Ekiti,Camera,48,132831.25,6375900.0,2024-08-30,Direct,
247,247,jeremy dalton,Oyo,Camera,48,204248.42,9803924.16,2023-07-17,,f7bf5244-7db2-47aa-a205-e54fb1e8c09d
248,248,elizabeth oliver,Niger,Tablet,48,158687.85,7617016.8,2025-04-29,Direct,536d47d7-3e0f-44ce-882f-78fd936cd31c
249,249,theresa clark,Kaduna,Laptop,48,215216.93,10330412.64,2024-07-22,Direct,c92e8c93-d105-48d6-87c1-c01760452909
250,250,matthew moore,Anambra,Headphones,48,146903.98,7051391.04,2024-07-22,Online,ee9bf3e1-1d27-409a-9d71-a89864976593
251,251,benjamin smith,Ekiti,Camera,48,269717.36,12946433.28,2023-10-23,Retail,ff4cc10f-979c-40cf-b326-1887905881df
252,252,kirk carter,Delta,Headphones,48,133922.07,6428259.36,2025-05-26,Retail,c4829b71-ae84-481c-ae0f-b5b38bae591e
253,253,michael warner,Kano,Laptop,48,17162.92,823820.16,2024-07-22,Wholesale,ba2aa7ba-f3f8-4c31-86e3-f9498cd34c62
254,254,Unknown Name,Ekiti,Headphones,48,40017.33,1920831.84,2025-01-26,Online,35ab8466-b557-4b00-b166-cdcf762cdfbc
255,255,michael bradshaw,Imo,Phone,48,124919.66,5996143.68,2024-04-20,,d4cee27c-4a94-4e9f-8c35-1e4f703e957f
256,256,lori guerrero,Rivers,Monitor,40,169391.4,6775656.0,2025-02-23,Online,d908a121-d1a7-4a20-91b4-61e9b15da72d
257,257,jessica stephens,Abuja,Keyboard,48,167859.76,8057268.48,2024-05-19,,ac484366-68bd-40d7-8b88-1c32cbb02a8b
258,258,susan serrano,Imo,Keyboard,48,158687.85,7617016.8,2024-04-20,Retail,4d8670bd-a222-4f96-a3a1-3e207fd255ee
259,259,christopher parker,Lagos,Tablet,25,201993.93,5049848.25,2023-08-15,Wholesale,2775ee42-a89e-42f2-80af-bf3f3df51967
260,260,laura roberts,Kano,Phone,18,92796.78,1670342.04,2024-05-17,Wholesale,
261,261,michael lyons,Delta,Camera,48,7020.25,336972.0,2023-08-19,Retail,6082786f-ca00-4f58-ac52-1d13b719bb68
262,262,kathryn snyder,Kaduna,Tablet,48,76709.94,3682077.12,2024-09-25,Direct,9912316a-fd9e-4e20-b2f6-095812ef6101
263,263,andrew reynolds,Niger,Tablet,48,1403.13,67350.24,2024-09-19,Online,88cc4d49-669b-49b8-950d-f1a07aaf2001
264,264,david davis,Cross River,Keyboard,48,65761.44,3156549.12,2024-07-22,Wholesale,dea050c6-eb9e-4274-ac6a-37ad81b15db9
265,265,sara johnston,Cross River,Laptop,48,22372.34,1073872.32,2024-04-17,Direct,09697101-8b2c-450a-ab15-c11bb113d50b
266,266,yvonne chambers,Enugu,Camera,48,127397.37,6115073.76,2024-07-22,,b39e4df2-5c0a-4feb-b7ea-e66eca6caf9b
267,267,Unknown Name,Benue,Tablet,48,210265.27,10092732.96,2024-02-20,Wholesale,98049562-8972-4bbd-8ff2-b1c4e53f9644
268,268,andrew avila,Abuja,Camera,49,158687.85,7775704.65,2024-07-22,,1bffa279-15c1-404f-aa16-3354a35fc9c1
269,269,matthew moon,Kaduna,Monitor,21,162578.47,3414147.87,2024-07-22,Direct,aa2960fd-a858-44df-bf8c-1097c4da2c2e
270,270,kevin walters,Benue,Laptop,48,18546.56,890234.88,2024-07-22,,9cd8758b-a5a1-4825-aa95-28c35ae1dbad
271,271,brandon bailey,Lagos,Camera,48,268318.42,12879284.16,2024-06-24,Direct,a520c3d0-fbcd-4f5e-902f-34650b570720
272,272,shannon rivera,Benue,Headphones,57,295848.11,16863342.27,2025-02-23,,f780ef2f-664d-4922-a590-fd3cad6ecc57
273,273,donna landry,Anambra,Tablet,48,141885.32,6810495.36,2024-07-22,Online,cbd5cc86-f739-46e9-94e3-8579c0afd193
274,274,krista gibson,Ekiti,Headphones,48,86483.67,4151216.16,2024-02-13,Wholesale,
275,275,frank cordova,Borno,Laptop,48,54404.41,2611411.68,2024-07-22,Wholesale,193e4783-02b3-4254-9b1f-2eb16e3255a8
276,276,jose travis,Niger,Phone,48,41060.95,1970925.6,2024-07-22,Direct,bf31c29f-82bb-4d84-b8d5-101f423cad9d
277,277,kimberly gutierrez,Imo,Headphones,48,192636.74,9246563.52,2024-12-20,,b00ac64c-949c-48d4-8ed8-a80d84cfee39
278,278,isaiah avila,Cross River,Tablet,58,158687.85,9203895.3,2024-10-27,Retail,5fc64cd0-721e-4b1f-b895-89399342a09f
279,279,olivia harris,Oyo,Tablet,69,218922.21,15105632.49,2024-07-22,Wholesale,adf75924-c5b8-486b-b68b-4f7e64215e66
280,280,Unknown Name,Enugu,Keyboard,48,289152.88,13879338.24,2023-10-18,,2697384d-801e-4690-b0c0-7fcc96add4df
281,281,tanya kim,Borno,Laptop,48,112651.05,5407250.4,2023-09-24,,7b96e2d1-0649-4cf6-bf69-723d584fc85b
282,282,barbara dudley,Enugu,Keyboard,48,267454.41,12837811.68,2024-07-22,Online,eba900e1-6a7d-4d96-8ba1-72331ac3bf31
283,283,cynthia moore,Abuja,Tablet,48,134836.87,6472169.76,2024-04-25,Retail,d4d13d55-1db6-4844-95fa-9483f633cc2d
284,284,kristen davis,Plateau,Monitor,48,275175.97,13208446.56,2025-03-19,Wholesale,592c1107-2444-4301-baeb-286bf0d0270f
285,285,susan murray,Imo,Tablet,48,113560.16,5450887.68,2024-03-30,Online,c8c5eb2a-7490-4deb-97d3-37d34fd80bbb
286,286,kathleen moran,Abuja,Keyboard,48,24534.87,1177673.76,2024-09-16,Retail,592a3549-7ba1-49d0-8567-c80534f541c0
287,287,denise davenport,Sokoto,Keyboard,54,289261.24,15620106.96,2024-07-22,Wholesale,b8d49848-702b-449f-98fd-d2b979e5c9aa
288,288,kristen reyes,Abuja,Laptop,48,158687.85,7617016.8,2024-04-19,Online,
289,289,katie suarez,Abuja,Phone,48,262428.84,12596584.32,2025-02-16,Retail,1132567c-51a4-4d2a-b3d3-9457b25f13df
290,290,desiree tyler,Plateau,Monitor,48,40330.45,1935861.6,2023-10-31,Wholesale,b5f59cb0-cf68-4878-8b70-59334cde1b6b
291,291,timothy romero,Cross River,Charger,48,258155.83,12391479.84,2024-07-22,Retail,57d3f4dd-d963-4c72-85c8-234b1d763a66
292,292,diane evans,Bauchi,Tablet,71,36030.63,2558174.73,2024-10-20,,ccd015c1-ad59-40dd-9bff-3142a5e15b55
293,293,Unknown Name,Bauchi,Phone,48,297857.61,14297165.28,2024-07-22,Direct,bd90b81a-fbe0-46b8-ae0f-65a82a131c1f
294,294,yvonne burns,Kaduna,Laptop,48,118221.06,5674610.88,2024-05-17,Direct,8d49fe3f-2ca8-4783-8418-2d353e711433
295,295,joshua reed,Abuja,Camera,11,38640.45,425044.95,2024-07-22,,6d268b37-8f52-42d3-94bb-bcf828fea761
296,296,kimberly gibson,Bauchi,Phone,48,293627.95,14094141.6,2024-07-22,Retail,cc39b925-3b5a-4288-b649-2e64f55dce6d
297,297,colin terry,Kano,Tablet,66,250529.07,16534918.62,2023-08-15,,2fb70dab-2f38-4b43-a137-f8e467b13040
298,298,cynthia rowe,Kaduna,Phone,56,158687.85,8886519.6,2024-07-22,Direct,6544e313-6ea0-4d13-a845-54c3a3f66c61
299,299,patrick thornton,Kano,Headphones,48,226975.73,10894835.04,2023-10-25,Direct,e212ab7c-9d36-4cb6-bcc5-7be00779250a
300,300,jasmin alvarado,Katsina,Keyboard,45,293557.96,13210108.2,2025-01-15,Retail,6df72cd3-979a-4051-b317-591a3283daa4
301,301,veronica simpson,Kano,Keyboard,54,139169.67,7515162.18,2024-03-25,Direct,36fce0ac-b469-4db3-8123-a348638abdf6
302,302,jonathan lawrence,Delta,Tablet,48,215868.65,10361695.2,2025-03-26,,
303,303,shelly alexander,Benue,Headphones,48,127526.34,6121264.32,2024-07-22,Retail,b4299924-c098-4750-8741-9b4834ae4abd
304,304,joyce bowen,Rivers,Monitor,50,114093.3,5704665.0,2024-08-17,,93cd1291-1004-4d82-8bc7-2f1acf08ea54
305,305,matthew moore,Plateau,Keyboard,48,69284.39,3325650.72,2024-06-29,Retail,89718eea-df3a-498a-8cac-2fb51a0c6c04
306,306,Unknown Name,Delta,Laptop,48,138457.27,6645948.96,2024-07-22,Direct,327375bf-5373-4f4d-9da4-9cb92fdc9992
307,307,wayne morgan,Plateau,Keyboard,48,46958.85,2254024.8,2024-10-23,Wholesale,abb316a7-4329-4780-9d2c-272175220646
308,308,marie christian,Katsina,Charger,48,158687.85,7617016.8,2024-07-22,Retail,f7464c02-8718-44c1-bd4e-d26edcd5bfae
309,309,shannon james,Abuja,Monitor,19,56949.9,1082048.1,2024-08-14,Retail,637ddcd6-98d3-448b-903b-4078a39c9ec6
310,310,nathan malone,Katsina,Charger,48,262624.85,12605992.8,2023-10-27,Wholesale,1d3e503a-9645-40e4-a47d-c3929c7eb575
311,311,amanda jones,Kano,Charger,48,229764.23,11028683.04,2024-03-21,Direct,753659ef-d873-4ad9-9a1b-af0e591196dc
312,312,tammie bright,Niger,Laptop,48,10149.09,487156.32,2024-07-22,,ac7051d1-d051-467f-ac2a-c34b9e0b7b01
313,313,jessica garcia,Plateau,Headphones,48,198229.21,9515002.08,2024-10-29,Online,eb2ec80e-4c25-4823-8cf4-ffb0b4bba73f
314,314,shelia wallace,Plateau,Charger,79,184669.5,14588890.5,2024-03-14,Wholesale,ac0f6801-15b2-4e1d-9715-46339d4edb71
315,315,stephanie williams,Bauchi,Monitor,11,280903.26,3089935.86,2023-11-14,Online,3d131a3d-1e2c-4e7d-902c-f0ee224a66a6
316,316,elaine brooks,Sokoto,Keyboard,33,266767.88,8803340.04,2024-07-22,Direct,
317,317,joseph knight,Anambra,Tablet,48,72579.56,3483818.88,2024-10-31,Retail,5f90fc87-2edc-417e-9df0-5d184e2d6255
318,318,carolyn miller,Enugu,Monitor,48,158687.85,7617016.8,2024-07-22,Retail,63725424-82c5-4b21-a430-12dab1850eb8
319,319,Unknown Name,Sokoto,Phone,48,20653.63,991374.24,2025-04-25,Direct,93267d25-234b-4562-98af-5cca6b11b7cb
320,320,lisa allen,Delta,Keyboard,48,178386.27,8562540.96,2024-02-28,,7c966b55-2f8d-4ded-ac4c-450b623ad0fc
321,321,briana murray,Anambra,Laptop,48,134209.1,6442036.8,2024-10-14,,eb4e2281-b184-41fc-8991-b01aa2b03c4b
322,322,david smith,Benue,Charger,16,201771.08,3228337.28,2024-03-28,Direct,2c591da8-fff9-4acf-ae42-05eea52fc3ec
323,323,stephanie byrd,Oyo,Tablet,48,261727.62,12562925.76,2024-07-22,Direct,49f1137d-7d59-4e19-aab7-b2ef8e0ec033
324,324,jeremy reed,Borno,Charger,48,73797.88,3542298.24,2025-04-14,Direct,d78c57d3-5088-40d3-afe5-b14023ea7956
325,325,margaret coleman,Ekiti,Laptop,59,13748.9,811185.1,2024-07-22,Direct,dd92dd7c-0db9-47a9-9e91-a71c7374ccbf
326,326,ryan gonzalez,Sokoto,Monitor,48,131969.36,6334529.28,2024-08-27,Direct,7c0f549d-0274-4f73-b3ab-ea0d5be9fdb3
327,327,john young,Kano,Phone,48,162158.06,7783586.88,2024-07-25,Direct,624a2a50-d0b1-4de0-b1f3-f0c022f3f068
328,328,laura haney,Lagos,Keyboard,48,158687.85,7617016.8,2024-07-22,Retail,a72f947d-8164-42cb-8fc3-d7d3f6bd80c7
329,329,william barrett,Ekiti,Monitor,48,226438.52,10869048.96,2024-09-20,Online,7de1bf5d-af48-47f0-a8bd-075b7eb6581e
330,330,keith jennings,Katsina,Phone,48,232931.05,11180690.4,2024-02-28,,
331,331,amber obrien,Plateau,Camera,48,42470.6,2038588.8,2024-07-13,Online,71a0449d-d703-462f-b5cb-e3f56a66c184
332,332,Unknown Name,Rivers,Charger,55,298048.29,16392655.95,2024-07-22,Retail,90bde900-1529-46f5-aad1-1fe87d1b695e
333,333,tanner mitchell,Kano,Keyboard,48,70631.37,3390305.76,2023-07-23,Wholesale,38749f3c-c2d4-4b56-8bbe-d98007e67cb0
334,334,heather fields,Imo,Keyboard,48,274960.91,13198123.68,2024-04-22,Online,398f569b-465c-42cb-885e-b4894ac66780
335,335,megan le,Enugu,Phone,54,173045.05,9344432.7,2024-03-24,Wholesale,c7de96ea-2b0f-4e44-89e6-4c2289a0b7eb
336,336,sara fuller,Bauchi,Camera,48,173453.71,8325778.08,2024-12-15,Retail,c5c5ae8a-be15-4d12-90ce-77e9751303b9
337,337,maria parker,Anambra,Tablet,48,231875.19,11130009.12,2024-07-22,,82c42e48-8cba-4ae5-becc-daf4c4134dc2
338,338,kevin oconnor,Oyo,Headphones,47,158687.85,7458328.95,2024-05-29,Wholesale,44945e09-1d3c-45a4-929d-63771cfb655f
339,339,edward burgess,Osun,Tablet,48,245605.56,11789066.88,2024-07-22,Retail,fdab3441-d2c2-4960-8b09-01abc66dceb3
340,340,carlos ryan,Kano,Keyboard,48,71452.76,3429732.48,2024-07-22,Direct,c1bcbe59-d296-412d-8ac3-5ac45deaa737
341,341,kiara mcintyre,Delta,Keyboard,71,262939.37,18668695.27,2025-03-20,,70fd6672-b80f-46c5-828f-a16b0aa6fcb9
342,342,dawn summers,Osun,Laptop,48,295715.82,14194359.36,2024-07-22,Direct,6cd6f011-fd61-413b-b7f2-5d368bddcee3
343,343,paul morgan,Borno,Phone,48,156614.69,7517505.12,2025-01-24,,a757075b-d47f-43b1-bc69-c1551a37f6bd
344,344,victor taylor,Kaduna,Camera,48,124361.28,5969341.44,2025-05-18,,
345,345,Unknown Name,Ekiti,Headphones,48,82908.6,3979612.8,2024-12-26,Online,dff389aa-4c36-470c-bf5e-3b8cc0582da5
346,346,shannon ramsey,Imo,Tablet,48,167237.08,8027379.84,2024-07-22,,4347dbca-7321-48b2-8840-405affd2f491
347,347,tracy ballard,Borno,Phone,48,177704.3,8529806.4,2023-07-31,Online,164484a0-d115-4fff-9cb9-1d5f593c572b
348,348,richard smith,Katsina,Monitor,48,158687.85,7617016.8,2024-10-16,Wholesale,1e0d02b5-fe74-42cd-9d83-ad037066e289
349,349,jordan chambers,Bauchi,Laptop,48,220696.03,10593409.44,2024-07-13,,35ba9357-3ca8-4f31-8fd7-f3b9c68fcba5
350,350,lauren carson,Lagos,Camera,48,52952.39,2541714.72,2024-07-22,Wholesale,b06b0f0c-9682-4e22-bcd4-344fcf8a368e
351,351,ashley hall,Imo,Laptop,48,203785.66,9781711.68,2024-07-22,,9c3a1e0b-b5f3-48aa-9c6d-afff59c2f153
352,352,stephen hoffman,Borno,Keyboard,18,166977.27,3005590.86,2024-07-22,Online,9dbc15c0-2a7d-457c-ad9c-5b50a1fd4187
353,353,connie brown,Rivers,Laptop,48,14541.79,698005.92,2024-07-22,Direct,d0437e4c-34e5-4699-88eb-e27a23a4e70e
354,354,susan turner,Oyo,Headphones,48,103652.24,4975307.52,2024-07-22,,91f0647d-0f32-4333-8e31-593734fa32b6
355,355,charles shah,Anambra,Keyboard,48,193173.16,9272311.68,2024-07-22,Retail,98cbaa52-47f5-4019-8843-8de259cf0b0d
356,356,johnathan davis,Rivers,Tablet,48,114655.81,5503478.88,2024-07-22,Direct,fa9fc10e-52da-4681-ab1a-c76c89ecbc51
357,357,brandy chavez,Rivers,Tablet,48,157576.69,7563681.12,2025-01-21,Online,929ecc92-4a11-4e44-8aea-1b8fb43cde0a
358,358,Unknown Name,Imo,Monitor,24,158687.85,3808508.4,2023-08-19,Retail,
359,359,natalie bautista,Oyo,Keyboard,48,209044.37,10034129.76,2024-07-22,Wholesale,83b0b35c-dba6-4df8-b3d0-4ffb44709848
360,360,patrick moore,Anambra,Keyboard,48,122773.62,5893133.76,2024-07-18,Online,d0afb235-ade6-4f51-a670-93a0fc48f615
361,361,brett burns,Borno,Camera,48,90316.6,4335196.8,2023-11-20,Direct,c0062b5b-f678-49b2-a2b5-f4571860ad28
362,362,trevor johnson,Katsina,Keyboard,26,55571.75,1444865.5,2024-08-21,Wholesale,0f2d5c15-eb34-4d3a-a95e-5ea9c9230c64
363,363,jeremy sampson,Enugu,Headphones,26,161609.52,4201847.52,2024-07-22,Wholesale,a7e8d18e-ddf6-44ac-86fe-acd4fe1393cd
364,364,ariana jennings,Sokoto,Monitor,48,72669.97,3488158.56,2025-01-21,Online,21f8072d-ddb7-470e-b390-b059207bbe21
365,365,vanessa howard,Enugu,Camera,48,67990.69,3263553.12,2024-07-22,Direct,5274ee11-b61d-4906-a570-35db3fead90a
366,366,colton martinez,Anambra,Headphones,48,257333.6,12352012.8,2024-07-22,Online,d7f34368-c2ef-4ecb-bf5f-bf4fd4176230
367,367,jordan bates,Bauchi,Laptop,33,43733.35,1443200.55,2025-04-24,Retail,24655c39-7d4d-4add-a488-0945ad1db537
368,368,linda smith,Cross River,Tablet,48,158687.85,7617016.8,2024-07-22,Retail,a0b85755-44ca-45a2-a1e5-18a293d228d4
369,369,dana martinez,Anambra,Monitor,48,139176.04,6680449.92,2024-07-22,,135508d0-73b5-4ad5-a00b-4b356a0aa7d5
370,370,andrea hubbard,Abuja,Charger,46,17758.37,816885.02,2024-07-22,Wholesale,c4d598f7-e14f-4093-8b6a-d0c7a2356dd4
371,371,Unknown Name,Kano,Tablet,48,124096.91,5956651.68,2024-12-20,,bff30c8d-83ff-4e96-a721-3a7017d50f59
372,372,daniel kane,Niger,Phone,35,125244.11,4383543.85,2024-01-15,Direct,
373,373,charles lester,Anambra,Tablet,48,159232.55,7643162.4,2024-07-22,Retail,e097dedb-efb3-4939-b1d8-18874739cc7b
374,374,scott thomas,Abuja,Tablet,48,116831.51,5607912.48,2024-09-27,,7cf07bb3-f343-49eb-b466-ef025e7b72c8
375,375,david thompson,Lagos,Keyboard,48,76871.2,3689817.6,2024-07-22,Retail,de70bd30-00a2-4367-94fb-09f053c93ae7
376,376,allison smith,Sokoto,Headphones,44,99413.77,4374205.88,2024-07-22,Retail,17d821b8-bb93-4d40-98df-f535c62dbaea
377,377,cynthia morris,Oyo,Keyboard,48,24181.59,1160716.32,2024-07-22,Retail,a284e8fd-755c-4e2a-b8de-d777bb1e5ae8
378,378,anthony harmon,Anambra,Keyboard,48,158687.85,7617016.8,2023-07-25,Online,d9a09007-5bb4-4c18-b281-87c4aa055442
379,379,nichole alvarez,Kaduna,Charger,48,135211.15,6490135.2,2024-06-17,,65d0b517-88d0-4abd-8bb1-8c791036708d
380,380,kayla rodriguez,Ekiti,Charger,48,111637.71,5358610.08,2024-07-22,Wholesale,d3293724-6dfd-471a-b7d7-465d37c3b3c9
381,381,theresa williams,Imo,Monitor,55,160922.84,8850756.2,2024-05-31,,52a74a41-44be-4486-bea5-a387363be5cb
382,382,sharon boyd,Niger,Keyboard,48,248907.18,11947544.64,2024-07-22,Wholesale,8c1c8b05-5677-4f36-8899-8e5fd40e53ce
383,383,victor brown,Imo,Charger,48,15935.22,764890.56,2024-05-26,,da385db5-90ee-4067-a16e-9fe593f37596
384,384,Unknown Name,Lagos,Camera,48,113461.81,5446166.88,2024-12-28,,e4e751de-57ff-41d9-89ce-44bd7c3f1add
385,385,james parks,Rivers,Camera,14,181688.35,2543636.9,2023-12-16,Retail,0bc2ea72-0c64-4ca2-8323-1466aebbb90e
386,386,theodore jones,Kano,Monitor,48,12344.49,592535.52,2024-05-24,Wholesale,
387,387,ana hill,Oyo,Camera,48,22298.91,1070347.68,2024-07-22,Wholesale,d6321d31-c8ac-4fcf-a04d-4d14197dbae1
388,388,kimberly nguyen,Imo,Monitor,48,158687.85,7617016.8,2024-07-22,Wholesale,edef5003-1fce-41e3-842b-03ca75a72686
389,389,kerry chavez,Abuja,Phone,48,241492.86,11591657.28,2024-10-27,,74de5f70-70f8-4dba-a871-9b9bdb8f0e32
390,390,michael farrell,Osun,Charger,48,176481.31,8471102.88,2025-06-24,Wholesale,6d84414d-f541-41ea-bde9-1c42002c4c22
391,391,patricia le,Plateau,Keyboard,48,201599.43,9676772.64,2024-07-22,,e8cee951-b047-4ea4-bee5-ce6933cb202e
392,392,jesse perez,Imo,Monitor,58,65496.45,3798794.1,2025-05-18,Online,4d470ed6-a666-4769-a1d4-6f8221c50e41
393,393,jesse perry,Oyo,Monitor,48,63062.28,3026989.44,2025-04-29,Retail,e0688849-eec7-4a30-9fda-35b228b2bf21
394,394,jeffery ortega,Niger,Headphones,48,272156.33,13063503.84,2024-07-22,Direct,5c457e4d-a793-43b8-97e5-2113462623be
395,395,christian leblanc,Oyo,Keyboard,48,91304.81,4382630.88,2025-01-25,Online,aa1d3fc6-5f31-473d-9519-830c40198303
396,396,ronald davis,Abuja,Phone,8,272743.75,2181950.0,2023-08-28,Wholesale,0d41ee47-2a5f-4a18-a61f-0b96e75f745a
397,397,Unknown Name,Borno,Headphones,48,63936.43,3068948.64,2024-07-22,Retail,b9da5f8c-4e35-4a80-a027-9a186576a410
398,398,parker cain,Osun,Charger,48,158687.85,7617016.8,2023-10-26,Retail,6de21429-3bf0-49c1-8156-e501b30e96e8
399,399,laurie hoffman,Abuja,Laptop,48,57412.1,2755780.8,2024-08-16,Retail,185df528-b425-4e19-9758-d47ea7cde143
400,400,bryan gomez,Osun,Keyboard,87,222571.82,19363748.34,2023-12-19,Retail,
401,401,nicole parrish,Enugu,Laptop,4,224190.33,896761.32,2024-09-18,Wholesale,13f3cade-7a10-413f-b6a2-c52b00473139
402,402,tracy burke,Delta,Keyboard,48,226422.06,10868258.88,2024-03-19,Retail,84fa4c72-39e7-44f1-97fb-613a21f89d06
403,403,kenneth lewis,Rivers,Phone,57,274375.17,15639384.69,2024-07-22,Direct,02106371-0260-4123-b1ef-e72aae13591e
404,404,courtney rodriguez,Osun,Headphones,17,208840.07,3550281.19,2024-07-16,Direct,1edf3bfa-d12e-4eb5-97f4-79b5b212a6ee
405,405,holly farmer,Imo,Monitor,48,211278.69,10141377.12,2024-08-22,Retail,b1ac040d-6c1c-4405-9c3f-42e0fcf7b842
406,406,renee bruce,Niger,Headphones,48,119291.3,5725982.4,2024-04-28,,3a9c4308-1221-4ddf-ba4a-902f21d63b0f
407,407,sabrina austin,Katsina,Laptop,48,72179.62,3464621.76,2024-07-22,Wholesale,ce532ffd-bb13-4f02-96de-66c96210def6
408,408,allison hickman,Oyo,Keyboard,48,158687.85,7617016.8,2023-11-22,Direct,5e1885c3-5037-4d6b-9a6b-6a7d1a38aad6
409,409,debra white,Delta,Tablet,48,96823.7,4647537.6,2024-07-22,Direct,61fa01ba-231a-47c7-8c9b-ff5ce1887eaf
410,410,Unknown Name,Kaduna,Charger,48,85276.23,4093259.04,2025-06-18,Direct,dfdf0e05-c0ce-431b-9038-e153c601818b
411,411,ellen morgan,Kaduna,Monitor,48,140142.01,6726816.48,2024-08-28,Online,ad58db1b-fe31-437a-a43e-558c2215df00
412,412,sergio knight,Niger,Laptop,98,194792.04,19089619.92,2024-07-22,Online,9033da65-87cf-43fd-9183-6c4f249204c7
413,413,charles schultz,Lagos,Charger,74,92872.47,6872562.78,2024-07-22,Direct,2a038ad4-a667-4982-9c3d-e1b0022b6683
414,414,paul lewis,Kaduna,Monitor,48,108213.56,5194250.88,2024-07-22,,
415,415,glen wood,Sokoto,Charger,48,264902.18,12715304.64,2024-12-16,Wholesale,368acd40-b8f1-4e3c-99e7-703a70aa5b0d
416,416,paula bradley,Niger,Keyboard,48,140068.22,6723274.56,2024-07-22,Wholesale,eb7e2e64-26c0-447e-bf8e-8bfaa0c9da72
417,417,anthony moore,Delta,Phone,32,240943.58,7710194.56,2025-05-14,Direct,714011a1-afc2-4cfc-9db7-284b6965d1d1
418,418,megan nelson,Anambra,Laptop,48,158687.85,7617016.8,2025-01-20,Direct,e5871d89-1631-4fc6-b79d-58f9dc268108
419,419,karla ramos,Kaduna,Camera,48,216862.87,10409417.76,2024-12-20,Wholesale,1f873b46-c0a0-473a-a3d7-e6a119b814fc
420,420,paul wilson,Rivers,Tablet,48,228607.88,10973178.24,2024-11-21,,59fe3d53-624f-4a4b-bae1-e13796ee50e5
421,421,douglas gregory,Benue,Camera,72,96409.87,6941510.64,2025-03-26,Online,ca840003-5083-4fef-adec-6bbdf69777a1
422,422,andrew foster,Abuja,Laptop,48,61336.68,2944160.64,2024-12-30,Online,a505da9c-46e7-4a2c-bf6e-ed9d23cbe943
423,423,Unknown Name,Cross River,Monitor,48,94220.14,4522566.72,2024-07-22,Direct,99db1302-8dab-46d3-bf87-dfc2159152f2
424,424,aimee turner,Delta,Laptop,48,14191.78,681205.44,2024-10-26,Wholesale,48f091f0-9b8b-48ae-b89f-3a92999a1d86
425,425,chad scott,Enugu,Laptop,48,259293.41,12446083.68,2024-07-21,Online,06ddf6ca-b0c3-4a59-b0f7-ad22c76a8e0f
426,426,adam burgess,Ekiti,Keyboard,63,222505.09,14017820.67,2024-07-22,,e03635fc-a88d-4108-98d9-94b8d90f74e9
427,427,james padilla,Osun,Headphones,16,5357.86,85725.76,2024-01-18,Direct,9b5f8f39-848b-44f0-b498-17354d38e415
428,428,sandra drake,Borno,Tablet,48,158687.85,7617016.8,2024-07-22,Retail,
429,429,scott williams,Delta,Phone,48,166216.81,7978406.88,2024-09-16,Direct,6449cb6f-bf72-4e52-b04b-237082701238
430,430,thomas atkins,Delta,Phone,57,175417.55,9998800.35,2024-02-27,Retail,c8a738ab-0df8-4e12-a56b-61e04ba8a4ca
431,431,laura mckinney,Lagos,Charger,48,216143.58,10374891.84,2024-07-22,Direct,3d4574eb-f465-4a21-8b35-097ae5dd98f1
432,432,brian smith,Enugu,Phone,48,88910.09,4267684.32,2024-02-27,Wholesale,3db788a6-1cdc-44c2-a2c9-65b27eb0f62a
433,433,robert montgomery,Benue,Tablet,91,59259.44,5392609.04,2025-02-28,Wholesale,122dd7be-980b-481e-a359-5d1f7fe4a42e
434,434,tamara davis,Sokoto,Charger,48,69390.58,3330747.84,2024-02-20,Wholesale,0316d2d6-fa4a-48ef-a383-7348873dc8bd
435,435,dana chapman,Anambra,Charger,48,171151.96,8215294.08,2024-07-22,Wholesale,51045a16-ef15-4b72-9c70-ee97fca45567
436,436,Unknown Name,Kano,Monitor,48,74096.14,3556614.72,2023-12-18,,d6c6f45c-dc5e-4e78-a307-d4d121c9a15d
437,437,jennifer collins,Anambra,Headphones,48,165417.44,7940037.12,2024-12-28,,8bde005b-5d8b-4bd7-abbd-b66f91816091
438,438,gary jackson,Osun,Camera,82,158687.85,13012403.7,2024-07-22,Retail,78946a15-c342-41db-ac3a-acdcaed54a46
439,439,ashley hicks,Bauchi,Monitor,48,283067.63,13587246.24,2024-07-24,,12af97e4-c536-466e-bcc4-091bf45707c6
440,440,hannah luna,Benue,Headphones,29,101600.5,2946414.5,2024-03-13,Direct,0387f74d-1149-4096-965d-744f0445c1a8
441,441,robin young,Imo,Headphones,26,229126.51,5957289.26,2024-07-17,Wholesale,ec2e2815-0a32-47d2-b73a-edf8431e930f
442,442,craig morrison,Sokoto,Headphones,48,146842.02,7048416.96,2024-07-22,Online,
443,443,mary thompson,Lagos,Laptop,48,217205.6,10425868.8,2024-09-18,Online,65e1b0f5-ca0e-48c4-b2dc-b12b0f7ae302
444,444,kathleen webster,Rivers,Monitor,48,222008.43,10656404.64,2024-07-22,Online,b66edbf4-a0ea-4251-8957-43a281b13b80
445,445,joann glass,Anambra,Camera,48,138518.29,6648877.92,2024-07-22,Direct,6c6f6d2e-6a59-4043-8461-52348044beb2
446,446,madison weber,Kaduna,Keyboard,71,219965.28,15617534.88,2025-03-19,Online,a3fa4069-1519-4d38-a6fb-a71db3a9dcaa
447,447,lori hernandez,Plateau,Headphones,79,105976.76,8372164.04,2025-01-21,Online,271610c1-9db5-4283-89a3-c811895c4fde
448,448,jeremy turner,Anambra,Camera,48,158687.85,7617016.8,2024-07-22,Retail,143ac1c5-4f56-4ed5-9566-9e364708203b
449,449,Unknown Name,Abuja,Keyboard,48,42417.58,2036043.84,2024-02-19,Direct,f96c9a0a-3404-402a-abc1-bb5282e4dd4a
450,450,anthony romero,Rivers,Tablet,48,164190.63,7881150.24,2023-10-13,Direct,53a5e850-8950-4dd6-a7c6-cbb1cedd069d
451,451,jesse brown,Katsina,Keyboard,48,55622.31,2669870.88,2024-09-28,Online,c362a810-a261-4b8d-9620-bee66406face
452,452,angela lin,Niger,Tablet,48,266864.68,12809504.64,2024-12-17,Direct,a4a5c736-ae59-4a52-a65b-e22bd5a386d9
453,453,lisa hunter,Osun,Phone,74,297101.9,7617016.8,2024-07-22,Retail,6fff15cc-b2dc-4c34-8f67-448e10eceb1f
454,454,julian conner,Sokoto,Keyboard,48,287192.45,13785237.6,2024-04-30,Retail,3d175712-d8b2-4277-b413-db19bade8d5d
455,455,joanna pacheco,Niger,Tablet,83,157421.35,13065972.05,2024-07-22,Wholesale,ecb4678c-1612-4aa6-be96-39ba0ed2ec9d
456,456,erica alvarez,Katsina,Headphones,48,251801.01,12086448.48,2024-07-22,Retail,
457,457,antonio garcia,Bauchi,Laptop,48,22761.96,1092574.08,2024-07-22,Wholesale,9cbf7b8c-7410-4d5d-9db1-4bfc6f3a5115
458,458,gwendolyn klein,Rivers,Keyboard,45,158687.85,7140953.25,2024-07-22,Online,aa8430f8-4f2d-4233-8e16-5b129bdc70d1
459,459,carrie wright,Benue,Charger,48,245489.78,11783509.44,2024-07-22,Wholesale,2cf72140-bd9b-4648-a876-1e85bddfa03a
460,460,jeffrey mills,Plateau,Tablet,48,15030.06,721442.88,2025-03-26,Wholesale,23204ff5-b538-496c-833e-02f71e93d127
461,461,jake campbell,Enugu,Monitor,24,2411.96,57887.04,2024-07-22,Online,7f14eafa-29f0-4f7c-82e7-df89b3957a98
462,462,Unknown Name,Anambra,Tablet,48,41678.71,2000578.08,2024-02-21,Wholesale,8468b74d-85e3-4de5-98c1-aad6f3f8dea4
463,463,george harper,Abuja,Keyboard,8,189395.14,1515161.12,2024-07-22,Retail,425e0259-b884-46d2-928f-cf68c871d7b3
464,464,maria jones,Niger,Tablet,67,20856.4,1397378.8,2024-02-19,Online,bff15840-207e-463f-9f32-d5d82abe1585
465,465,michael mitchell,Lagos,Camera,39,45733.38,1783601.82,2025-01-15,Direct,bba1aed9-44cd-4fdd-9f9b-141ec7f7bda1
466,466,mary escobar,Bauchi,Monitor,48,66006.54,3168313.92,2024-07-22,Wholesale,e65fad87-c57c-4498-9e38-f711e2ec13f4
467,467,felicia aguilar,Imo,Keyboard,91,137074.89,12473814.99,2024-07-22,Retail,6de8370a-ce9e-4ebd-95c3-48530783e43c
468,468,gregory ponce,Enugu,Laptop,48,158687.85,7617016.8,2025-06-27,Direct,4350ab06-1059-4a28-861b-4f5b45a08539
469,469,jenna larson,Osun,Camera,37,18604.81,688377.97,2024-06-18,Online,a0a5fde6-939f-41a2-b99c-ea5cb65ad0f1
470,470,emily bennett,Niger,Monitor,33,191499.71,6319490.43,2024-07-22,Online,
471,471,robin santiago,Kano,Charger,48,280204.16,13449799.68,2024-01-26,Online,82c299f0-7487-4772-bf03-86fa13badc91
472,472,nancy jennings,Sokoto,Tablet,36,273869.06,9859286.16,2024-07-22,Retail,dbff00b0-7fe6-40f3-8e31-41ec5c311464
473,473,maria henderson,Katsina,Tablet,48,197955.66,9501871.68,2024-07-17,Direct,28457780-5e20-4957-aab8-bd33911f730b
474,474,jack white,Sokoto,Phone,48,5211.66,250159.68,2023-12-24,Online,e4eec67c-1a57-49e4-85f8-e2f8414f4994
475,475,Unknown Name,Rivers,Monitor,48,159897.64,7675086.72,2023-12-14,Retail,1d8680cb-b908-40f3-ac93-281a92ebeab0
476,476,travis tucker,Borno,Tablet,83,123695.88,10266758.04,2025-04-14,,00a85473-8242-4912-bda3-c1623a78b64a
477,477,chad jones,Bauchi,Phone,48,5509.48,264455.04,2024-07-22,Retail,03254fbd-dce8-41c5-9bd3-0aec0b461173
478,478,ashley wise,Borno,Phone,20,158687.85,3173757.0,2024-07-22,,5d2d904f-78c5-4073-8bc5-72073e9aec86
479,479,sophia johnson,Niger,Keyboard,48,216796.72,10406242.56,2024-07-22,Direct,2dd0622e-266b-42ea-ab93-f78c620af158
480,480,ralph anderson,Sokoto,Tablet,48,160953.56,7725770.88,2024-09-19,Online,090d9655-db84-4660-b5d8-fb91ee6081ac
481,481,christopher guerra,Benue,Camera,48,86363.22,4145434.56,2024-07-22,Online,b6ca1127-e9f8-4970-8d98-f9e28d888beb
482,482,rhonda martin,Borno,Charger,6,150913.7,905482.2,2024-07-22,Wholesale,3979d5f5-6b5b-4975-a7dc-2bc0bd9c4693
483,483,jason rhodes,Imo,Camera,11,209508.79,2304596.69,2023-10-25,Online,ea75752d-6a8f-4acb-bf8e-2d0d52619dec
484,484,jeremy mitchell,Oyo,Camera,48,129456.68,6213920.64,2024-07-22,Direct,
485,485,joann ferguson,Enugu,Tablet,48,281943.72,13533298.56,2024-10-31,Retail,d3748a11-4571-4959-91e7-44e4b864ca08
486,486,robert harrison,Niger,Others,48,54190.42,2601140.16,2024-07-22,Direct,1e910f36-5f70-4b25-9250-2e5913f06822
487,487,holly valentine,Benue,Laptop,48,275455.63,13221870.24,2024-07-22,Online,0d7bec04-e6e5-4b32-ac5f-12ef8085c147
488,488,Unknown Name,Kaduna,Phone,82,158687.85,13012403.7,2024-07-22,Retail,8409c5ea-cde9-48b3-b922-a7e42de982f8
489,489,diane reyes,Katsina,Tablet,48,157553.43,7562564.64,2024-01-15,Direct,66a302d6-f43e-4c48-8bc1-f9e5fb3df063
490,490,tracy montoya,Plateau,Keyboard,48,72670.17,3488168.16,2023-08-19,Online,ddb449dc-7710-4966-a082-7f7611a529b4
491,491,brenda wright,Borno,Phone,48,186124.36,8933969.28,2024-07-22,Online,4f89e3b2-d847-4c53-8605-e58a48454343
492,492,shelly spencer,Benue,Charger,62,76099.25,4718153.5,2025-06-13,Online,74ed5145-8d97-45c7-961d-5c8753c9fe59
493,493,ryan rosales,Imo,Headphones,48,106655.11,5119445.28,2024-08-26,Wholesale,4aa5f9d3-335f-4f59-9e71-7fca020a4497
494,494,phillip nelson,Lagos,Laptop,48,238583.43,11452004.64,2024-07-22,Wholesale,bd54da04-4dcd-4009-88d5-77179055a36f
495,495,brittany kim,Borno,Tablet,48,24166.26,1159980.48,2024-11-17,Wholesale,5e472e22-76c3-4642-be19-fc1d9f6a6a65
496,496,courtney hayes,Borno,Charger,8,287809.69,2302477.52,2024-07-22,Retail,ff6ef9ed-7e4c-429f-b8cb-ab4c97790e84
497,497,alexander brown,Enugu,Monitor,48,137969.82,6622551.36,2023-08-20,Direct,bb82b796-3207-443e-86a0-7656c5c9fb91
498,498,cynthia vang,Niger,Headphones,48,158687.85,7617016.8,2023-09-26,Retail,
499,499,alfred galvan,Plateau,Camera,48,73340.76,3520356.48,2024-05-27,Retail,cbc4ec0e-c2ae-4674-8beb-4e78e68373a3
500,500,marie moody,Katsina,Headphones,78,209322.28,16327137.84,2024-03-23,Online,eeb19ad2-01a1-4b0f-a68b-84b63ec0a285
501,501,Unknown Name,Sokoto,Charger,48,90342.4,4336435.2,2025-01-18,,8aa2b4c9-3ba5-4d76-861e-fb9568f82063
502,502,dustin gallegos,Ekiti,Tablet,48,248504.59,11928220.32,2024-07-22,,b186a5a8-d6ee-426b-a2cd-159058af393c
503,503,brenda thornton,Ekiti,Headphones,48,24644.77,1182948.96,2023-09-27,Online,55c3b2db-f374-490d-8274-ce40e09016b6
504,504,aaron miller,Ekiti,Tablet,48,297506.57,14280315.36,2024-12-21,,60538c1b-a845-40a1-8249-2e5e005fd0e6
505,505,ruben dunn,Enugu,Keyboard,48,195143.39,9366882.72,2025-02-28,Retail,4eb9047d-ba2a-43d9-bcf2-fc3bd95874c2
506,506,kelsey rodriguez,Bauchi,Tablet,48,9989.51,479496.48,2023-10-25,Direct,fbad793f-87a1-4c02-b487-9e411a9c672a
507,507,eric williams,Cross River,Charger,48,121880.85,5850280.8,2023-07-15,Wholesale,f610396b-7df5-4abf-ab79-0d013cf88d20
508,508,riley bryant,Kaduna,Laptop,48,158687.85,7617016.8,2024-07-22,Retail,247296a4-ff38-4918-b8f9-a45d0f554896
509,509,taylor carlson,Kano,Keyboard,58,113462.29,6580812.82,2024-07-22,Retail,0b3d0c36-17d0-4810-87a2-a10bb62edb49
510,510,jose allen,Borno,Laptop,19,143063.53,2718207.07,2024-07-22,Direct,d872f72e-e5b4-41ae-bb41-c943ebd8a3b1
511,511,jeffrey mendez,Bauchi,Headphones,48,191206.05,9177890.4,2024-05-22,,e5449887-b36a-43ed-a9be-173a850ef0ad
512,512,jason beck,Katsina,Camera,48,211002.12,10128101.76,2024-11-29,Direct,
513,513,william jones,Sokoto,Monitor,54,25264.49,1364282.46,2024-07-22,Retail,bf7655d7-f97c-4c3c-b55d-814b5f5ba255
514,514,Unknown Name,Kano,Charger,48,253676.27,12176460.96,2025-05-25,Online,8163b6ce-1877-4c06-94ad-625215bc2a3e
515,515,katie mcneil,Delta,Laptop,48,193649.72,9295186.56,2025-05-23,Online,64f434d6-d1e9-4691-a320-9116222df6a4
516,516,jeanette harrison,Borno,Monitor,41,99715.55,4088337.55,2024-07-14,Retail,0ff1c51f-915c-431b-9786-7b1213281726
517,517,veronica king,Delta,Phone,98,293210.1,7617016.8,2024-07-15,Online,21761930-f6d7-4248-a995-ecc36f5b09a6
518,518,richard cooper,Enugu,Tablet,48,158687.85,7617016.8,2024-11-27,,d9d57b02-42d0-4d55-8aab-47b23c9d128a
519,519,lori ingram,Oyo,Laptop,48,292165.0,14023920.0,2024-07-22,Direct,64988bde-cd02-44db-ad11-15d750a46c85
520,520,evelyn williams,Lagos,Keyboard,48,268489.97,12887518.56,2025-02-17,Wholesale,53853918-bc40-45fa-94f7-6322b362c0d2
521,521,robin thompson,Abuja,Charger,3,275786.09,827358.27,2024-02-19,Direct,3bcdf203-459e-4674-b3e7-f042516c3b0a
522,522,julie dominguez,Delta,Tablet,48,69315.07,3327123.36,2024-03-16,Wholesale,22d839d3-33e4-4986-b18c-ccdc131eb723
523,523,robin brown,Cross River,Monitor,59,270431.25,15955443.75,2024-02-17,Retail,1be5a4c3-95af-4d0c-8528-5425c7a9f33c
524,524,judith carter,Katsina,Charger,48,207840.17,9976328.16,2024-11-23,Retail,7316ce64-2a14-4a96-9b0c-62eb27c8fc6c
525,525,curtis williams,Kano,Laptop,46,170251.85,7831585.1,2023-08-25,Wholesale,1ee89a4c-6811-44e2-9064-7c59774f6354
526,526,kaylee hays,Ekiti,Camera,48,81692.97,3921262.56,2025-06-15,Online,
527,527,Unknown Name,Niger,Keyboard,48,277285.7,13309713.6,2025-02-27,Retail,c534ca08-f6f2-4d1c-9bb8-b9c8893259f3
528,528,dawn mullins,Plateau,Phone,48,158687.85,7617016.8,2023-09-18,,769de1e3-4eed-4124-b3b0-d6763527a5c8
529,529,howard norman,Enugu,Charger,48,205486.41,9863347.68,2024-11-28,,1725d2c7-1eb2-47b8-9a3c-45ca43d78f2b
530,530,evelyn martinez,Benue,Camera,69,84471.72,5828548.68,2024-09-28,,4de1087b-afa1-4a55-8ebe-abaa28597b34
531,531,steve paul,Cross River,Laptop,48,163137.69,7830609.12,2024-07-22,,9a72083c-b266-486c-b467-88bdd38e13e4
532,532,jasmine beltran,Benue,Keyboard,48,197603.72,9484978.56,2024-08-29,Wholesale,db4862c2-d5ff-4a1f-b70b-9a290a530df9
533,533,jonathan glass,Delta,Tablet,48,54216.67,2602400.16,2024-07-22,Online,b60e695c-1759-4a96-a5f8-8c7453ea4919
534,534,monica miller,Oyo,Monitor,48,255203.07,12249747.36,2025-01-22,Wholesale,657046ea-5b11-451f-b7e9-101d3f8b4433
535,535,samantha gardner,Lagos,Laptop,47,5189.6,243911.2,2024-07-22,Retail,4c80d33a-ad5b-43c8-8c88-0714837217e0
536,536,bobby guerrero,Rivers,Headphones,52,62543.86,3252280.72,2024-07-22,,2c82989f-fd9c-4bb0-91f1-6485429a4a7c
537,537,lance simmons,Niger,Phone,48,43685.37,2096897.76,2024-07-22,,dac726b6-6786-4fb3-b3bc-9a7107f4fee5
538,538,heather williams,Delta,Phone,48,158687.85,7617016.8,2025-06-19,,8cd4b90a-bf82-41bc-8e52-fc4273c374a6
539,539,heather bolton,Kaduna,Tablet,48,246296.88,11822250.24,2025-06-25,Retail,1a16998c-7648-476e-983f-ea703ff6579e
540,540,Unknown Name,Bauchi,Keyboard,48,246360.27,11825292.96,2023-11-23,Direct,
541,541,william gould,Ekiti,Laptop,48,278698.04,13377505.92,2024-05-30,Wholesale,1f178f93-23c9-4a1e-8b37-1d97cdcc2d6a
542,542,mark cox,Abuja,Laptop,48,90133.43,4326404.64,2025-05-26,Online,c7ecfe71-d493-47fc-8fc9-8d2e030f9be9
543,543,meghan cisneros,Imo,Camera,48,169405.48,8131463.04,2025-04-21,Retail,32b8d8aa-2176-4dd7-b8e7-e019fb8986c8
544,544,lawrence harrington,Delta,Headphones,48,170225.43,8170820.64,2023-11-24,Direct,afb06406-5f4b-4a97-a68c-879bd2dc42c8
545,545,austin osborne,Rivers,Monitor,16,254908.01,4078528.16,2024-07-22,Direct,15839b99-a50a-43dc-b004-e897a15b2e18
546,546,james bradley,Ekiti,Keyboard,48,203271.97,9757054.56,2025-06-24,Online,eadc9960-4242-41e2-960b-e0f495132c22
547,547,meghan rush,Oyo,Charger,48,162398.45,7795125.6,2024-07-22,Retail,ff45f8a2-0594-424f-9332-5c31d010318a
548,548,phillip berry,Ekiti,Monitor,48,158687.85,7617016.8,2025-04-20,Direct,a55f65b7-e709-4ba6-b29f-c41710813d45
549,549,jennifer banks,Bauchi,Headphones,97,115461.94,11199808.18,2024-05-14,,178be968-20f8-4ba2-8f2e-32967184b713
550,550,brian fitzgerald,Imo,Monitor,48,222053.68,10658576.64,2025-03-14,Online,cf133b65-d450-4fa2-98e7-0aebe7b33085
551,551,justin green,Katsina,Laptop,48,237254.18,11388200.64,2024-07-29,,f1394e3c-0aee-4557-9f5d-f91254e07431
552,552,zachary mitchell,Sokoto,Keyboard,65,206948.51,13451653.15,2024-07-22,Online,ec93e596-2b01-4723-8cf6-97a57603c36c
553,553,Unknown Name,Ekiti,Monitor,6,23989.09,143934.54,2024-07-22,Wholesale,b9744cde-d259-4960-aee3-560792ea1324
554,554,katherine martinez,Katsina,Others,48,223764.24,10740683.52,2024-07-22,Wholesale,
555,555,jodi roach,Bauchi,Phone,48,104084.92,4996076.16,2025-05-18,Retail,61fa8e7a-078c-46ce-bf02-23bc651ea252
556,556,brandon fleming,Niger,Charger,48,29756.89,1428330.72,2025-06-29,Direct,5a9c0679-2c3d-47e2-ad39-da75aee70ab2
557,557,Unknown Name,Imo,Camera,48,70027.13,3361302.24,2024-02-20,,46653497-2fe9-42aa-a886-a01136f7a26c
